pert_iname,y_true,p_calibrated,interval_width,low_confidence
JTE-607,1,0.8095238,0.7504761815071106,False
DMSO,0,0.8095238,0.7504761815071106,False
DMSO,0,0.56,1.0,True
fludarabine-phosphate,1,0.962963,0.5970370173454285,False
amiloride,1,1.0,0.5600000023841858,False
oxytocin,1,0.47099668,1.0,True
OMDM-2,1,0.962963,0.5970370173454285,False
IRL-2500,1,0.8095238,0.7504761815071106,False
bufexamac,1,0.56,1.0,True
felodipine,1,0.56,1.0,True
SRC-kinase-inhibitor-I,1,0.9820784,0.5779216289520264,False
2-Oleoylglycerol,1,0.8095238,0.7504761815071106,False
xanomeline,1,0.8095238,0.7504761815071106,False
NS-11021,1,0.962963,0.5970370173454285,False
BAM7,1,0.8095238,0.7504761815071106,False
DMSO,0,0.962963,0.5970370173454285,False
DMSO,0,0.8095238,0.7504761815071106,False
GW-311616,1,0.8095238,0.7504761815071106,False
rifamycin,1,0.8095238,0.7504761815071106,False
CCG-63802,1,0.8095238,0.7504761815071106,False
DMSO,0,0.75,0.8100000023841858,False
DMSO,0,0.962963,0.5970370173454285,False
DMSO,0,0.56,1.0,True
DMSO,0,0.56,1.0,True
arundic-acid,1,0.75,0.8100000023841858,False
cediranib,1,1.0,0.5600000023841858,False
picrotin,1,0.33333334,0.8933333456516266,False
ilomastat,1,0.33333334,0.8933333456516266,False
DMSO,0,0.8095238,0.7504761815071106,False
isoflurane,1,0.33333334,0.8933333456516266,False
DMSO,0,0.56,1.0,True
WH-4-023,1,1.0,0.5600000023841858,False
U-0521,1,0.8095238,0.7504761815071106,False
hexestrol,1,1.0,0.5600000023841858,False
SU3327,1,0.962963,0.5970370173454285,False
sorbinil,1,0.8095238,0.7504761815071106,False
saclofen,1,0.56,1.0,True
nilvadipine,1,0.8095238,0.7504761815071106,False
DMSO,0,0.8095238,0.7504761815071106,False
DMSO,0,0.56,1.0,True
amlodipine,1,1.0,0.5600000023841858,False
4-CMTB,1,0.8095238,0.7504761815071106,False
meclofenamic-acid,1,0.6994668,0.8605331778526306,False
PETCM,1,0.56,1.0,True
arcyriaflavin-a,1,1.0,0.5600000023841858,False
dinoprostone,1,0.8095238,0.7504761815071106,False
GNF-5837,1,1.0,0.5600000023841858,False
nevirapine,1,0.56,1.0,True
NVP-HSP990,1,1.0,0.5600000023841858,False
RGB-286638,1,1.0,0.5600000023841858,False
PF-05190457,1,0.6843237,0.8756762742996216,False
briciclib,1,1.0,0.5600000023841858,False
spiroxatrine,1,0.56,1.0,True
FPS-ZM1,1,0.8095238,0.7504761815071106,False
DMSO,0,0.56,1.0,True
flufenamic-acid,1,0.962963,0.5970370173454285,False
citric-acid,1,0.56,1.0,True
bepridil,1,0.8095238,0.7504761815071106,False
glutamine-(l),1,0.56,1.0,True
enflurane,1,0.33333334,0.8933333456516266,False
GW-311616,1,0.8095238,0.7504761815071106,False
octreotide,1,0.56,1.0,True
GSK3787,1,0.962963,0.5970370173454285,False
ML-228,1,0.8095238,0.7504761815071106,False
DMSO,0,0.65010643,0.9098935723304749,False
DMSO,0,0.56,1.0,True
phenylbutazone,1,0.6304761,0.9295238852500916,True
amlexanox,1,0.8095238,0.7504761815071106,False
alrestatin,1,0.8095238,0.7504761815071106,False
motesanib,1,0.962963,0.5970370173454285,False
ingenol-mebutate,1,1.0,0.5600000023841858,False
ingenol-mebutate,1,1.0,0.5600000023841858,False
dilazep,1,0.63646704,0.9235329627990723,True
methoxsalen,1,0.56,1.0,True
diltiazem,1,0.962963,0.5970370173454285,False
guanidine,1,0.56,1.0,True
CYM-50358,1,1.0,0.5600000023841858,False
ixabepilone,1,1.0,0.5600000023841858,False
dilazep,1,0.33333334,0.8933333456516266,False
LOXO-101,1,0.962963,0.5970370173454285,False
NSC-625987,1,0.56,1.0,True
TUG-891,1,0.76963776,0.7903622388839722,False
GNF-5,1,0.962963,0.5970370173454285,False
afimoxifene,1,0.8095238,0.7504761815071106,False
DMSO,0,0.56,1.0,True
rifamycin,1,0.56,1.0,True
DMSO,0,0.33333334,0.8933333456516266,False
DMSO,0,0.33333334,0.8933333456516266,False
DMSO,0,0.56214607,0.9978539347648621,True
anandamide,1,0.56,1.0,True
thiostrepton,1,1.0,0.5600000023841858,False
DMSO,0,0.75,0.8100000023841858,False
batimastat,1,0.8095238,0.7504761815071106,False
miglitol,1,0.56,1.0,True
niflumic-acid,1,0.8095238,0.7504761815071106,False
ML-193,1,0.8095238,0.7504761815071106,False
TG-02,1,0.962963,0.5970370173454285,False
AC-710,1,1.0,0.5600000023841858,False
