has_sider,n_side_effects,y_prob
False,0,0.22897692024707794
False,0,0.0070368628948926926
False,0,0.10432185232639313
False,0,0.13513322174549103
False,0,0.021537574008107185
False,0,0.040240511298179626
False,0,0.021429603919386864
False,0,0.49801212549209595
False,0,0.022357234731316566
False,0,0.10087122768163681
False,0,0.012239142321050167
False,0,0.007170965429395437
False,0,0.05146855115890503
False,0,0.0068433210253715515
False,0,0.44787222146987915
False,0,0.20123611390590668
False,0,0.06970718502998352
False,0,0.02920067496597767
False,0,0.030519768595695496
False,0,0.05355155095458031
False,0,0.005692475009709597
False,0,0.04099882021546364
False,0,0.016976745799183846
False,0,0.48612895607948303
False,0,0.01129942573606968
False,0,0.04091242328286171
False,0,0.07386406511068344
False,0,0.2395392209291458
False,0,0.2856752872467041
False,0,0.1689886450767517
False,0,0.05084392428398132
False,0,0.15357281267642975
False,0,0.1560625582933426
False,0,0.01013760082423687
False,0,0.022594012320041656
False,0,0.02674976736307144
False,0,0.05571119114756584
False,0,0.07125608623027802
False,0,0.21907664835453033
False,0,0.10836628079414368
False,0,0.07708565145730972
False,0,0.008101596496999264
False,0,0.04888429865241051
False,0,0.032551515847444534
False,0,0.01950935833156109
False,0,0.023952066898345947
False,0,0.19193819165229797
False,0,0.08876389265060425
False,0,0.03751838207244873
False,0,0.027238857001066208
False,0,0.02319694682955742
False,0,0.024174759164452553
False,0,0.11728256195783615
False,0,0.012664252892136574
False,0,0.028725305572152138
False,0,0.03636223450303078
False,0,0.41713377833366394
False,0,0.2587181627750397
False,0,0.022714408114552498
False,0,0.023087462410330772
False,0,0.07028894126415253
False,0,0.08218644559383392
False,0,0.06751879304647446
False,0,0.01578042097389698
False,0,0.021688077598810196
False,0,0.05513880029320717
False,0,0.2615324854850769
False,0,0.021878557279706
False,0,0.006937672384083271
False,0,0.043689366430044174
False,0,0.029995335265994072
False,0,0.05452476069331169
False,0,0.005567025858908892
False,0,0.010323825292289257
False,0,0.01621108315885067
False,0,0.17064525187015533
False,0,0.05612104386091232
False,0,0.009668066166341305
False,0,0.023252345621585846
False,0,0.012814805842936039
False,0,0.04211356118321419
False,0,0.03439405933022499
False,0,0.026722319424152374
False,0,0.012639020569622517
False,0,0.011388080194592476
False,0,0.44266512989997864
False,0,0.030445793643593788
False,0,0.23189648985862732
False,0,0.1806931048631668
False,0,0.10337357223033905
False,0,0.06883148103952408
False,0,0.008875381201505661
False,0,0.07483384758234024
False,0,0.02251369133591652
False,0,0.044588442891836166
False,0,0.008290461264550686
False,0,0.26920631527900696
False,0,0.017056306824088097
False,0,0.05847267434000969
False,0,0.02549137733876705
False,0,0.023868825286626816
False,0,0.023280715569853783
False,0,0.015053534880280495
False,0,0.0864143818616867
False,0,0.006764865946024656
False,0,0.2019621580839157
False,0,0.14628054201602936
False,0,0.021218718960881233
False,0,0.05523519590497017
True,79,0.006255130283534527
True,12,0.06711570918560028
True,148,0.03377261012792587
False,0,0.052840884774923325
False,0,0.02498566173017025
False,0,0.02680819295346737
False,0,0.07058833539485931
False,0,0.04059607535600662
False,0,0.007736911065876484
False,0,0.03151864558458328
False,0,0.2561386525630951
False,0,0.011709756217896938
True,200,0.29095542430877686
False,0,0.2575054168701172
False,0,0.0459124855697155
True,69,0.03950861468911171
False,0,0.2568575143814087
True,170,0.10840422660112381
False,0,0.015358070842921734
False,0,0.23819926381111145
False,0,0.07038979232311249
False,0,0.02389836683869362
False,0,0.011038440279662609
False,0,0.010416986420750618
True,178,0.3110429644584656
False,0,0.06984647363424301
True,77,0.3064877986907959
True,60,0.0835280641913414
False,0,0.11180520057678223
False,0,0.02986568585038185
False,0,0.2830057442188263
False,0,0.01056931633502245
True,49,0.032658983021974564
False,0,0.021508000791072845
True,103,0.08373936265707016
False,0,0.04452713951468468
True,44,0.2852002680301666
False,0,0.10456984490156174
False,0,0.05661701411008835
False,0,0.010430547408759594
True,213,0.6251757144927979
False,0,0.2046712040901184
False,0,0.22514620423316956
True,24,0.15702089667320251
False,0,0.10832979530096054
False,0,0.01533260103315115
False,0,0.024618377909064293
True,17,0.011825310997664928
False,0,0.0616643987596035
False,0,0.014991057105362415
False,0,0.3841598331928253
False,0,0.007240228354930878
False,0,0.06883524358272552
True,98,0.127328559756279
False,0,0.0710831955075264
True,154,0.5231998562812805
False,0,0.3133750855922699
False,0,0.01587730087339878
False,0,0.02534761093556881
False,0,0.03928275778889656
False,0,0.016989976167678833
False,0,0.04189980775117874
False,0,0.004793526604771614
False,0,0.107972651720047
False,0,0.04928150400519371
False,0,0.00883052870631218
False,0,0.009846261702477932
False,0,0.1263858526945114
False,0,0.01316895056515932
False,0,0.030708078294992447
False,0,0.07842177897691727
True,25,0.02110660821199417
False,0,0.027966421097517014
False,0,0.1607823520898819
True,40,0.02142224833369255
True,140,0.28017351031303406
True,218,0.6481355428695679
True,156,0.002194405999034643
True,42,0.06081734970211983
False,0,0.12684082984924316
False,0,0.018591787666082382
False,0,0.19081073999404907
True,63,0.4788115620613098
True,21,0.6076448559761047
True,140,0.05971822142601013
True,106,0.21867282688617706
False,0,0.050009582191705704
False,0,0.013173071667551994
True,67,0.40539416670799255
False,0,0.4663911461830139
False,0,0.1097782552242279
True,159,0.06777316331863403
False,0,0.1874953806400299
False,0,0.007785993628203869
True,50,0.03642641752958298
True,246,0.016809603199362755
False,0,0.17037074267864227
True,97,0.024737980216741562
False,0,0.22863441705703735
True,49,0.06132755056023598
False,0,0.10178087651729584
False,0,0.6320445537567139
True,348,0.10541451722383499
True,213,0.01705920696258545
True,164,0.07707071304321289
False,0,0.1655416190624237
False,0,0.05627163499593735
False,0,0.049781061708927155
False,0,0.042229484766721725
False,0,0.451943576335907
False,0,0.004322711378335953
True,179,0.006602069828659296
True,63,0.1806367188692093
True,64,0.15827400982379913
False,0,0.26231470704078674
False,0,0.01726587861776352
False,0,0.14679156243801117
False,0,0.11989860236644745
False,0,0.0647248923778534
True,85,0.13790737092494965
False,0,0.0631340965628624
True,31,0.4954037368297577
False,0,0.01969555951654911
False,0,0.06358229368925095
False,0,0.024563757702708244
False,0,0.0226324163377285
True,130,0.023418830707669258
False,0,0.05919110029935837
False,0,0.017506103962659836
False,0,0.28076162934303284
False,0,0.009855857118964195
False,0,0.1908593326807022
False,0,0.02691214345395565
False,0,0.1269700676202774
False,0,0.013123358599841595
True,110,0.5304933786392212
False,0,0.012214510701596737
False,0,0.0447782538831234
False,0,0.013749069534242153
True,176,0.035428691655397415
True,24,0.33114996552467346
True,38,0.004866864997893572
False,0,0.020231911912560463
False,0,0.013075632974505424
False,0,0.09494419395923615
False,0,0.13241417706012726
False,0,0.01793440245091915
