target,n_compounds,n_pairs_in,pair_AUROC,mw_p,fisher_top10_p,top10_shared_pairs,top10_in_pairs,mw_p_bh,fisher_p_bh
TUBB,4,6,0.9997906069334641,2.176050522348586e-20,5.263895132269048e-16,6,0,1.7626009231023548e-18,1.7055020228551715e-14
TUBB4B,4,6,0.9997906069334641,2.176050522348586e-20,5.263895132269048e-16,6,0,1.7626009231023548e-18,1.7055020228551715e-14
TUBB1,3,3,0.9997038126461787,1.6393222113377876e-10,2.4217537675187383e-08,3,0,2.655701982367216e-09,1.7832914106274345e-07
TUBA1A,3,3,0.9997038126461787,1.6393222113377876e-10,2.4217537675187383e-08,3,0,2.655701982367216e-09,1.7832914106274345e-07
TUBA4A,3,3,0.9997038126461787,1.6393222113377876e-10,2.4217537675187383e-08,3,0,2.655701982367216e-09,1.7832914106274345e-07
TUBB3,3,3,0.9997038126461787,1.6393222113377876e-10,2.4217537675187383e-08,3,0,2.655701982367216e-09,1.7832914106274345e-07
TUBA1B,3,3,0.9997038126461787,1.6393222113377876e-10,2.4217537675187383e-08,3,0,2.655701982367216e-09,1.7832914106274345e-07
TUBA1C,3,3,0.9997038126461787,1.6393222113377876e-10,2.4217537675187383e-08,3,0,2.655701982367216e-09,1.7832914106274345e-07
TUBA3C,3,3,0.9997038126461787,1.6393222113377876e-10,2.4217537675187383e-08,3,0,2.655701982367216e-09,1.7832914106274345e-07
TUBB4A,3,3,0.9997038126461787,1.6393222113377876e-10,2.4217537675187383e-08,3,0,2.655701982367216e-09,1.7832914106274345e-07
CACNA2D3,3,3,0.9843020702474696,1.7523572051105576e-05,2.4217537675187383e-08,3,0,0.00025807442475264577,1.7832914106274345e-07
CFTR,3,3,0.8527948851508002,0.014362092458454483,8.470083801896786e-06,2,0,0.12245573569840139,3.8115377108535544e-05
RPL3,4,6,0.8472656329799187,0.000823899787767062,2.4217537675187383e-08,3,0,0.011122647134855338,1.7832914106274345e-07
AVPR1A,3,3,0.8316021693170328,0.021499021226673923,0.0029274602580249853,1,0,0.16084701689955755,0.005269428464444973
TBXAS1,3,3,0.8213275321465412,0.02567829704239706,0.0029274602580249853,1,0,0.18086452699427497,0.005269428464444973
KCNJ1,3,3,0.7983679055468742,0.036901380999723725,1.0,0,0,0.2299239893059709,1.0
CALM1,4,6,0.7885027885027884,0.005802006534617085,0.0029274602580249853,1,0,0.0723019275852283,0.005269428464444973
ALOX5,4,6,0.7850146064431779,0.006398718600532634,0.0029274602580249853,1,0,0.07404231523473477,0.005269428464444973
KCNN3,4,6,0.765086515086515,0.01085909773997873,8.470083801896786e-06,2,0,0.09773187965980856,3.8115377108535544e-05
KCNN2,4,6,0.765086515086515,0.01085909773997873,8.470083801896786e-06,2,0,0.09773187965980856,3.8115377108535544e-05
KCNN1,4,6,0.765086515086515,0.01085909773997873,8.470083801896786e-06,2,0,0.09773187965980856,3.8115377108535544e-05
ADORA1,3,3,0.7574531972914177,0.06422606891057636,0.0029274602580249853,1,0,0.3060183283386286,0.005269428464444973
GRIN2A,3,3,0.7547568710359408,0.06639159669917616,0.0029274602580249853,1,0,0.30729824757904395,0.005269428464444973
KCNK3,3,3,0.7475156009028607,0.07244706027400452,0.0029274602580249853,1,0,0.31720064228077655,0.005269428464444973
KCNK9,3,3,0.7475156009028607,0.07244706027400452,0.0029274602580249853,1,0,0.31720064228077655,0.005269428464444973
GRIA1,3,3,0.7378741918681252,0.08106617573496387,0.0029274602580249853,1,0,0.3367364222836961,0.005269428464444973
HTR1B,4,6,0.7355365569651283,0.021843422048088063,0.0029274602580249853,1,0,0.16084701689955755,0.005269428464444973
CA9,3,3,0.7240146663806928,0.09461487669901507,0.0029274602580249853,1,0,0.3665659343132176,0.005269428464444973
CA6,3,3,0.7240146663806928,0.09461487669901507,0.0029274602580249853,1,0,0.3665659343132176,0.005269428464444973
KCNJ11,3,3,0.7236061320995598,0.09503561259972308,1.0,0,0,0.3665659343132176,1.0
ADRA1D,3,3,0.7181317727323794,0.1007943684850585,1.0,0,0,0.37973692312975527,1.0
GLRB,4,6,0.7108077465220323,0.03660754366613755,0.0029274602580249853,1,0,0.2299239893059709,0.005269428464444973
CSF1R,3,3,0.6903514416153446,0.13362578246912335,1.0,0,0,0.44515179043438446,1.0
GABRA1,4,6,0.6861095789667218,0.058042797305802425,1.0,0,0,0.2938416613606248,1.0
HTR1E,3,3,0.6833552920509443,0.14288822902832093,1.0,0,0,0.44515179043438446,1.0
HTR7,3,3,0.6833552920509443,0.14288822902832093,1.0,0,0,0.44515179043438446,1.0
HTR6,3,3,0.6833552920509443,0.14288822902832093,1.0,0,0,0.44515179043438446,1.0
LCK,5,10,0.6681887833282255,0.03273109880256062,6.841578036216992e-11,4,0,0.2209349169172842,1.5833366312387895e-09
ADRA1B,6,15,0.6607039591315453,0.015560283274289556,0.0029274602580249853,1,0,0.12603829452174542,0.005269428464444973
KCNH2,5,10,0.6582439472877719,0.04153302260569634,8.470083801896786e-06,2,0,0.2387434884037031,3.8115377108535544e-05
NTRK1,3,3,0.6560549887142405,0.1831035238023593,1.0,0,0,0.49619663466618524,1.0
ADRA2C,5,10,0.6550383083052406,0.0447485404022667,0.0029274602580249853,1,0,0.2387434884037031,0.005269428464444973
ADRA2B,5,10,0.6550383083052406,0.0447485404022667,0.0029274602580249853,1,0,0.2387434884037031,0.005269428464444973
ADRA2A,7,21,0.6492637215528781,0.008925896670029734,2.4217537675187383e-08,3,0,0.09639968403632113,1.7832914106274345e-07
DRD3,4,6,0.6439602868174297,0.11409515093736584,0.0029274602580249853,1,0,0.41074254337451704,0.005269428464444973
IL1B,4,6,0.6404516761659619,0.12000710667857321,1.0,0,0,0.4184204853345734,1.0
ADAM28,3,3,0.638007986845196,0.21316232689966597,1.0,0,0,0.49619663466618524,1.0
PRKCD,3,3,0.6274882291060248,0.2318237629196085,1.0,0,0,0.49619663466618524,1.0
PRKCE,3,3,0.6274882291060248,0.2318237629196085,1.0,0,0,0.49619663466618524,1.0
CACNA1S,6,15,0.6258636015325671,0.04568548234885676,5.263895132269048e-16,6,0,0.2387434884037031,1.7055020228551715e-14
PDE3A,4,6,0.6220455149026578,0.15433876957701165,1.0,0,0,0.4553930178664085,1.0
PRKCA,3,3,0.6143947053957165,0.2561077682671225,1.0,0,0,0.49619663466618524,1.0
P2RY12,3,3,0.606663194125277,0.27095203214985636,0.0029274602580249853,1,0,0.49619663466618524,0.005269428464444973
CA1,5,10,0.6066472571253447,0.12139359759706758,8.470083801896786e-06,2,0,0.4184204853345734,3.8115377108535544e-05
ADRA1A,7,21,0.6065862869872802,0.04537802443752856,0.0029274602580249853,1,0,0.2387434884037031,0.005269428464444973
HTR3A,6,15,0.6053844189016603,0.078751432068211,8.470083801896786e-06,2,0,0.33572978934342584,3.8115377108535544e-05
PRKCB,4,6,0.5976844191129905,0.2083342780530729,1.0,0,0,0.49619663466618524,1.0
PDGFRB,5,10,0.597634079068342,0.1424603327172736,0.0029274602580249853,1,0,0.44515179043438446,0.005269428464444973
HTR1A,7,21,0.5966680243328822,0.06251132112453137,8.470083801896786e-06,2,0,0.3060183283386286,3.8115377108535544e-05
KCNH7,4,6,0.5943954158239872,0.21635079835476118,0.0029274602580249853,1,0,0.49619663466618524,0.005269428464444973
KCNH6,4,6,0.5943954158239872,0.21635079835476118,0.0029274602580249853,1,0,0.49619663466618524,0.005269428464444973
KCNA5,3,3,0.5939782046961015,0.29604095232011846,0.0029274602580249853,1,0,0.49619663466618524,0.005269428464444973
CHRM4,5,10,0.5917713760343243,0.15741980864517824,0.0029274602580249853,1,0,0.4553930178664085,0.005269428464444973
CHRM1,5,10,0.5917713760343243,0.15741980864517824,0.0029274602580249853,1,0,0.4553930178664085,0.005269428464444973
CHRM2,5,10,0.5917713760343243,0.15741980864517824,0.0029274602580249853,1,0,0.4553930178664085,0.005269428464444973
CYP2A6,4,6,0.5899726256869113,0.22739267855868098,1.0,0,0,0.49619663466618524,1.0
CHRM5,4,6,0.5857183714326571,0.23829141411779756,1.0,0,0,0.49619663466618524,1.0
GABRB2,3,3,0.5829375657484859,0.3185459876869337,1.0,0,0,0.49619663466618524,1.0
GABRA4,3,3,0.5829375657484859,0.3185459876869337,1.0,0,0,0.49619663466618524,1.0
GABRA3,3,3,0.5829375657484859,0.3185459876869337,1.0,0,0,0.49619663466618524,1.0
GABRB1,3,3,0.5829375657484859,0.3185459876869337,1.0,0,0,0.49619663466618524,1.0
GABRG3,3,3,0.5829375657484859,0.3185459876869337,1.0,0,0,0.49619663466618524,1.0
GABRG1,3,3,0.5829375657484859,0.3185459876869337,1.0,0,0,0.49619663466618524,1.0
GABRA6,3,3,0.5829375657484859,0.3185459876869337,1.0,0,0,0.49619663466618524,1.0
GABRE,3,3,0.5829375657484859,0.3185459876869337,1.0,0,0,0.49619663466618524,1.0
GABRQ,3,3,0.5829375657484859,0.3185459876869337,1.0,0,0,0.49619663466618524,1.0
GABRA5,3,3,0.5829375657484859,0.3185459876869337,1.0,0,0,0.49619663466618524,1.0
GABRD,3,3,0.5829375657484859,0.3185459876869337,1.0,0,0,0.49619663466618524,1.0
GABRB3,3,3,0.5829375657484859,0.3185459876869337,1.0,0,0,0.49619663466618524,1.0
GABRP,3,3,0.5829375657484859,0.3185459876869337,1.0,0,0,0.49619663466618524,1.0
GABRA2,3,3,0.5829375657484859,0.3185459876869337,1.0,0,0,0.49619663466618524,1.0
GABRG2,3,3,0.5829375657484859,0.3185459876869337,1.0,0,0,0.49619663466618524,1.0
CA12,4,6,0.5827357970215112,0.2460909478453709,0.0029274602580249853,1,0,0.49619663466618524,0.005269428464444973
CA14,4,6,0.5827357970215112,0.2460909478453709,0.0029274602580249853,1,0,0.49619663466618524,0.005269428464444973
CA2,4,6,0.5827357970215112,0.2460909478453709,0.0029274602580249853,1,0,0.49619663466618524,0.005269428464444973
ADORA2A,4,6,0.5811934383362956,0.25017458963640343,0.0029274602580249853,1,0,0.49619663466618524,0.005269428464444973
KCNA1,3,3,0.5794241709307432,0.32582556766297477,0.0029274602580249853,1,0,0.502702304394304,0.005269428464444973
KCNN4,7,21,0.5771074118356376,0.11054817147922508,8.470083801896786e-06,2,0,0.4070182677189651,3.8115377108535544e-05
OPRM1,3,3,0.576370377179275,0.33219595592522266,0.0029274602580249853,1,0,0.5029508865409913,0.005269428464444973
OPRD1,3,3,0.576370377179275,0.33219595592522266,0.0029274602580249853,1,0,0.5029508865409913,0.005269428464444973
HTR2B,5,10,0.5706711615078149,0.21946050332186146,0.0029274602580249853,1,0,0.49619663466618524,0.005269428464444973
HTR1D,4,6,0.5686349614921044,0.2846478448483719,1.0,0,0,0.49619663466618524,1.0
HTR2A,6,15,0.5676648786717753,0.18204918904819622,0.0029274602580249853,1,0,0.49619663466618524,0.005269428464444973
FLT1,4,6,0.5662090662090662,0.2915461209623532,1.0,0,0,0.49619663466618524,1.0
FLT4,4,6,0.5662090662090662,0.2915461209623532,1.0,0,0,0.49619663466618524,1.0
CHRM3,6,15,0.5657767560664113,0.18881871463108607,8.470083801896786e-06,2,0,0.49619663466618524,3.8115377108535544e-05
PKD2L1,4,6,0.5639517068088497,0.29803080225302464,0.0029274602580249853,1,0,0.49619663466618524,0.005269428464444973
CA4,4,6,0.5605299176727747,0.3079775548681447,0.0029274602580249853,1,0,0.49619663466618524,0.005269428464444973
PDE4A,4,6,0.5595595595595595,0.3108232641875133,0.0029274602580249853,1,0,0.49619663466618524,0.005269428464444973
PDE4B,4,6,0.5595595595595595,0.3108232641875133,0.0029274602580249853,1,0,0.49619663466618524,0.005269428464444973
PDE4C,4,6,0.5595595595595595,0.3108232641875133,0.0029274602580249853,1,0,0.49619663466618524,0.005269428464444973
CACNA1H,4,6,0.5574452003023431,0.3170611084767032,1.0,0,0,0.49619663466618524,1.0
CACNA1D,5,10,0.5571253447747473,0.2657707707628002,2.4217537675187383e-08,3,0,0.49619663466618524,1.7832914106274345e-07
CACNB2,5,10,0.5571253447747473,0.2657707707628002,2.4217537675187383e-08,3,0,0.49619663466618524,1.7832914106274345e-07
ALDH2,3,3,0.5522464278783794,0.3837471661609497,0.0029274602580249853,1,0,0.553530751949511,0.005269428464444973
PTGS2,7,21,0.5519555503000735,0.20483366051948104,8.470083801896786e-06,2,0,0.49619663466618524,3.8115377108535544e-05
CACNA1C,7,21,0.5514110239576991,0.2072963864362326,5.263895132269048e-16,6,0,0.49619663466618524,1.7055020228551715e-14
PDGFRA,7,21,0.551335111438119,0.20764110070495645,8.470083801896786e-06,2,0,0.49619663466618524,3.8115377108535544e-05
ASIC1,3,3,0.5511638120333772,0.38610478376725144,1.0,0,0,0.553530751949511,1.0
CACNA1A,3,3,0.540868748148829,0.40867644829338506,1.0,0,0,0.5802401665958382,1.0
KCNMA1,4,6,0.5396518967947539,0.37137885055854136,0.0029274602580249853,1,0,0.5420123764908441,0.005269428464444973
VEGFA,3,3,0.539408238093779,0.4118988836945765,1.0,0,0,0.5802401665958382,1.0
HIF1A,3,3,0.5344036931499014,0.42297417869817794,0.0029274602580249853,1,0,0.5881022974997366,0.005269428464444973
HTR2C,5,10,0.5334293594851364,0.35713709833959695,1.0,0,0,0.5259655448274064,1.0
NR3C2,3,3,0.5331678769494745,0.4257165212529973,1.0,0,0,0.5881022974997366,1.0
PTGER2,3,3,0.531972914177161,0.4283708092899316,0.0029274602580249853,1,0,0.5881022974997366,0.005269428464444973
GLRA1,6,15,0.5311100893997446,0.33824059845356896,8.470083801896786e-06,2,0,0.5073608976803535,3.8115377108535544e-05
CACNA2D2,3,3,0.5296136287036186,0.43361847528268677,1.0,0,0,0.5903041428218089,1.0
PTGS1,6,15,0.5273420178799489,0.3569109438487674,0.0029274602580249853,1,0,0.5259655448274064,0.005269428464444973
PLA2G1B,3,3,0.5212386759403949,0.45231354193135986,1.0,0,0,0.6106232816073358,1.0
CASP3,3,3,0.5039066090633331,0.4912226919206002,1.0,0,0,0.6469762283832295,1.0
CACNA2D1,7,21,0.5033963553231464,0.4785131095902462,5.263895132269048e-16,6,0,0.6406539153191726,1.7055020228551715e-14
HRH1,6,15,0.5020689655172413,0.4889357266264638,1.0,0,0,0.6469762283832295,1.0
SRC,5,10,0.49095617529880475,0.5394587433113691,8.470083801896786e-06,2,0,0.6991385313315344,3.8115377108535544e-05
PDE4D,5,10,0.48927367453263865,0.5467672819467625,0.0029274602580249853,1,0,0.7029865053601232,0.005269428464444973
AKR1B1,3,3,0.4850731787031079,0.5335648214653099,1.0,0,0,0.6970766215917759,1.0
CACNA1F,4,6,0.47856529999387143,0.570382503164869,0.0029274602580249853,1,0,0.714080443473128,0.005269428464444973
CACNB1,4,6,0.47611897611897613,0.5783199546727927,0.0029274602580249853,1,0,0.714080443473128,0.005269428464444973
SLC7A11,3,3,0.4716221874968083,0.5636519078706957,1.0,0,0,0.714080443473128,1.0
ELANE,3,3,0.4701003972995884,0.5670408256266215,1.0,0,0,0.714080443473128,1.0
CDK4,4,6,0.466318359175502,0.609786387852744,0.0029274602580249853,1,0,0.7333865244264615,0.005269428464444973
DRD2,3,3,0.46143947053957163,0.586251228283494,1.0,0,0,0.714080443473128,1.0
DRD4,3,3,0.46143947053957163,0.586251228283494,1.0,0,0,0.714080443473128,1.0
DRD1,3,3,0.46143947053957163,0.586251228283494,1.0,0,0,0.714080443473128,1.0
CDK2,5,10,0.45011339258351213,0.7076062465364388,1.0,0,0,0.7905669788889867,1.0
CYP1A2,3,3,0.4501026442381346,0.6111554370220512,0.0029274602580249853,1,0,0.7333865244264615,0.005269428464444973
KDR,9,36,0.4468742758216443,0.8651123764143347,2.4217537675187383e-08,3,0,0.8926637259816702,1.7832914106274345e-07
RIPK2,3,3,0.43945011285759517,0.6342423088582011,1.0,0,0,0.7370719100805072,1.0
FLT3,6,15,0.4388883780332056,0.7938096113126631,0.0029274602580249853,1,0,0.8573143802176761,0.005269428464444973
SCNN1B,3,3,0.4352626364759833,0.6432197173912969,1.0,0,0,0.7370719100805072,1.0
SCNN1A,3,3,0.4352626364759833,0.6432197173912969,1.0,0,0,0.7370719100805072,1.0
SCNN1G,3,3,0.4352626364759833,0.6432197173912969,1.0,0,0,0.7370719100805072,1.0
SCNN1D,3,3,0.4352626364759833,0.6432197173912969,1.0,0,0,0.7370719100805072,1.0
CYP2B6,3,3,0.43392468670527307,0.6460753779718026,1.0,0,0,0.7370719100805072,1.0
CYP2C9,3,3,0.43392468670527307,0.6460753779718026,1.0,0,0,0.7370719100805072,1.0
CYP3A5,4,6,0.4282547853976425,0.7241007946141994,1.0,0,0,0.8034543063527418,1.0
PTGER4,3,3,0.4282154201264413,0.6581876285043483,1.0,0,0,0.7434648641439784,1.0
KCNQ4,3,3,0.4269489638549295,0.6608576570168696,1.0,0,0,0.7434648641439784,1.0
KIT,7,21,0.41256410593300136,0.9173622621522384,1.0,0,0,0.9230601644016312,1.0
ABL1,6,15,0.41055427841634734,0.8848836858434979,2.4217537675187383e-08,3,0,0.9072858044724472,1.7832914106274345e-07
CYP3A4,9,36,0.4066116631906106,0.9738070279505068,1.9094292194608537e-13,5,0,0.9738070279505068,5.155458892544305e-12
KCNQ1,4,6,0.40364343935772506,0.788461860090375,1.0,0,0,0.8572538344606762,1.0
CACNG1,4,6,0.3916773916773917,0.8164387635454691,0.0029274602580249853,1,0,0.8759144350620264,0.005269428464444973
PTGIR,3,3,0.39006853162566,0.7353860441389178,0.0029274602580249853,1,0,0.805014100337174,0.005269428464444973
PDE1A,3,3,0.39003789155457513,0.7354449805549491,1.0,0,0,0.805014100337174,1.0
RET,4,6,0.377423341709056,0.8467406830769056,1.0,0,0,0.889876458269406,1.0
KCNQ2,4,6,0.36929276214990503,0.8625240944608532,0.0029274602580249853,1,0,0.8926637259816702,0.005269428464444973
CYP2D6,4,6,0.3398143041000184,0.9106805359917652,1.0,0,0,0.9230601644016312,1.0
PDE5A,3,3,0.32241525467005744,0.8491717834289119,1.0,0,0,0.889876458269406,1.0
GLRA2,3,3,0.3215369059656218,0.8504010250610977,1.0,0,0,0.889876458269406,1.0
HRH4,3,3,0.3208015442595826,0.8514250063688761,1.0,0,0,0.889876458269406,1.0
FGFR1,3,3,0.26765123428419685,0.9137091570723226,1.0,0,0,0.9230601644016312,1.0
