name,n,auc,ap,acc
deep_resnet18_512_well6,6,0.7777777777777779,0.8055555555555556,0.5
deep_resnet18_512_well6_site12_gkf3,12,0.25,0.434553872053872,0.25
deep_dinov2_vits14_384_well6,6,0.33333333333333337,0.5,0.3333333333333333
deep_dinov2_vits14_384_well6_site12_gkf3,12,0.3055555555555556,0.4527417027417027,0.4166666666666667
deep_dinov2_vitb14_768_well6,6,0.4444444444444445,0.5333333333333333,0.5
deep_dinov2_vitb14_768_well6_site12_gkf3,12,0.13888888888888887,0.37754329004329007,0.25
deep_openphenom_vits16_384_well6_rgb3,6,0.33333333333333337,0.4777777777777778,0.16666666666666666
deep_openphenom_vits16_384_well6_rgb3_site12_gkf3,12,0.19444444444444445,0.4035353535353535,0.4166666666666667
deep_openphenom_vits16_384_well6_ch8,6,0.6666666666666667,0.6388888888888888,0.6666666666666666
deep_openphenom_vits16_384_well6_ch8_site12_gkf3,12,0.3055555555555555,0.5251022126022126,0.25
