embedding,scope,mean_replicate_AP,pair_AUC,n_queries_valid
deep_resnet18_512,well6,0.7333333333333334,0.5555555555555556,3
deep_resnet18_512,site12,0.34253902662993574,0.4552058111380145,11
deep_dinov2_vits14_384,well6,0.6777777777777777,0.5833333333333334,3
deep_dinov2_vits14_384,site12,0.14706316410861864,0.29539951573849876,11
deep_dinov2_vitb14_768,well6,0.6222222222222222,0.5,3
deep_dinov2_vitb14_768,site12,0.15590482749573661,0.34382566585956414,11
deep_openphenom_vits16_384_rgb3,well6,0.46388888888888885,0.19444444444444445,3
deep_openphenom_vits16_384_rgb3,site12,0.19915551620097077,0.3704600484261501,11
deep_openphenom_vits16_384_ch8,well6,0.6083333333333333,0.3888888888888889,3
deep_openphenom_vits16_384_ch8,site12,0.2249130919585465,0.34624697336561744,11
manual_904_features,well6,0.5083333333333333,0.3055555555555556,3
