name,feature,auc,ap,acc,n
maskA_trt_vs_DMSO,fp-orig,1.0,1.0,1.0,648
maskA_trt_vs_DMSO,fp-descaffolded,0.9301908052884614,0.9822669334728356,0.8950617283950617,648
maskA_trt_vs_DMSO,pheno+fp-orig,1.0,1.0,1.0,648
maskA_trt_vs_DMSO,pheno+fp-descaffolded,0.9237229567307692,0.9817577397882853,0.8657407407407407,648
maskB_scaffold_groupCV,fp-orig,0.3765508684863524,0.6165595401619304,0.6770833333333334,768
maskB_scaffold_groupCV,fp-descaffolded,0.3732009925558313,0.6570049313532154,0.5625,768
maskB_scaffold_groupCV,pheno+fp-orig,0.4774891439205956,0.6299418521379051,0.65625,768
maskB_scaffold_groupCV,pheno+fp-descaffolded,0.3165865384615385,0.551490187392909,0.6067708333333334,768
maskB_groupCV_hard_scaffold,pheno+fp,0.5257831885856079,0.6563430820630457,0.6809895833333334,768
maskB_groupCV_soft_tau0.6,pheno+fp,0.5221774193548387,0.6545019347732823,0.6783854166666666,768
maskB_groupCV_soft_tau0.4,pheno+fp,0.519238523573201,0.655758921566213,0.6731770833333334,768
maskB_groupCV_fpcluster_0.5,pheno+fp,0.4774891439205956,0.6299418521379051,0.65625,768
maskB_groupCV_hard_scaffold,pheno-only,0.3152605459057072,0.5486434817510571,0.6106770833333334,768
maskB_groupCV_soft_tau0.6,pheno-only,0.33494882133995035,0.5558708096759368,0.6067708333333334,768
maskB_groupCV_soft_tau0.4,pheno-only,0.3169897642679901,0.5496797804550811,0.609375,768
maskB_groupCV_fpcluster_0.5,pheno-only,0.28543734491315137,0.5374001462325371,0.6015625,768
